{"cameraMode":{"drawMode":0,"name":"Shaded","section":"Shading Mode"},"sceneLighting":true,"audioPlay":false,"sceneViewState":{"m_AlwaysRefresh":false,"showFog":true,"showSkybox":true,"showFlares":true,"showImageEffects":true,"showParticleSystems":true,"showVisualEffectGraphs":true,"m_FxEnabled":true},"in2DMode":false,"pivot":{"x":-1.6483086347579957,"y":2.9541897773742677,"z":-3.2084543704986574},"rotation":{"x":-0.30566924810409548,"y":-0.1835663616657257,"z":0.060185372829437259,"w":-0.9323383569717407},"size":6.872659206390381,"orthographic":false}