{"cameraMode":{"drawMode":0,"name":"Shaded","section":"Shading Mode"},"sceneLighting":true,"audioPlay":false,"sceneViewState":{"m_AlwaysRefresh":false,"showFog":true,"showSkybox":true,"showFlares":true,"showImageEffects":true,"showParticleSystems":true,"showVisualEffectGraphs":true,"m_FxEnabled":true},"in2DMode":false,"pivot":{"x":303.9757080078125,"y":255.7592315673828,"z":115.83135223388672},"rotation":{"x":-0.11335352808237076,"y":0.11064154654741287,"z":-0.012695315293967724,"w":-0.9873037338256836},"size":276.00384521484377,"orthographic":false}